Categoria,Suporte Real,Δ Precisão (B-A),Δ Recall (B-A),Δ F1(B-A),Diagnóstico do Tradeoff
Poda Arvore,458,0.019358176455144926,-0.24890829694323147,-0.1470779701139222,"Perde Recall, Ganha Precisão"
Iluminação Publica,1143,0.025817555938037917,0.10498687664041995,0.0666022480773023,Ganho consistente
Estacionamento Irregular,437,0.06489870437536405,0.07093821510297482,0.06783581334143118,Ganho consistente
Barulho Perturbação,400,0.04715917935307112,0.10499999999999998,0.07600190207435231,Ganho consistente
Coleta Lixo,806,0.06627414782486607,0.11042183622828794,0.08800642769974754,Ganho consistente
Sinalização,227,0.10403005464480874,0.09691629955947134,0.10080152029714895,Ganho consistente
Buraco Via,908,0.20705959252780348,0.10022026431718056,0.160937317861495,Ganho consistente
Esgoto Vazamento,621,0.1475114968105622,0.31078904991948464,0.2358870414357349,Ganho consistente
