categoria_real,Categoria,Suporte Real,Suporte Predito A,Suporte Predito B,Precisão A,Precisão B,Δ Precisão (B-A),Recall A,Recall B,Δ Recall (B-A),F1 A,F1 B,Δ F1 (B-A),A_acerta_B_erra_na_categoria,B_acerta_A_erra_na_categoria,ganho_liquido_B_na_categoria,P-valor McNemar Recall,Método McNemar Recall,p_valor_mcnemar_recall_ajustado_bh,delta_precision_ic95_inf,delta_precision_ic95_sup,delta_recall_ic95_inf,delta_recall_ic95_sup,delta_f1_ic95_inf,delta_f1_ic95_sup
iluminacao_publica,Iluminação Publica,1143,1057,1162,0.8571428571428571,0.882960413080895,0.025817555938037917,0.7926509186351706,0.8976377952755905,0.10498687664041995,0.8236363636363636,0.8902386117136659,0.0666022480773023,93,213,120,1.0262128869361068e-11,McNemar qui-quadrado com correção de continuidade,2.736567698496285e-11,8.511199282433276e-05,0.050788901814098876,0.07699037620297466,0.13210848643919515,0.04650152540025247,0.08724269567315666
buraco_via,Buraco Via,908,1117,956,0.6642793196060878,0.8713389121338913,0.20705959252780348,0.8171806167400881,0.9174008810572687,0.10022026431718056,0.7328395061728397,0.8937768240343347,0.160937317861495,64,155,91,1.189620965547304e-09,McNemar qui-quadrado com correção de continuidade,1.9033935448756863e-09,0.1806358911142286,0.23422001844135967,0.07048458149779735,0.13215859030837007,0.13914681706058982,0.1836219516991335
coleta_lixo,Coleta Lixo,806,798,839,0.8145363408521303,0.8808104886769964,0.06627414782486607,0.8064516129032258,0.9168734491315137,0.11042183622828794,0.8104738154613467,0.8984802431610942,0.08800642769974754,53,142,89,2.9418797644881963e-10,McNemar qui-quadrado com correção de continuidade,5.883759528976393e-10,0.036379501135211746,0.09721539985143965,0.07816377171215882,0.14267990074441683,0.0627019434628081,0.11324164185875087
esgoto_vazamento,Esgoto Vazamento,621,504,642,0.7123015873015873,0.8598130841121495,0.1475114968105622,0.5780998389694042,0.8888888888888888,0.31078904991948464,0.6382222222222222,0.8741092636579572,0.2358870414357349,47,240,193,8.965387205865398e-30,McNemar qui-quadrado com correção de continuidade,7.172309764692318e-29,0.10675470877580939,0.19073784336747865,0.25921900161030587,0.36070853462157804,0.1961403963189588,0.2738228837579015
poda_arvore,Poda Arvore,458,442,293,0.8031674208144797,0.8225255972696246,0.019358176455144926,0.7751091703056768,0.5262008733624454,-0.24890829694323147,0.7888888888888889,0.6418109187749667,-0.1470779701139222,167,53,-114,2.5672310433147863e-14,McNemar qui-quadrado com correção de continuidade,1.0268924173259145e-13,-0.03400311487764649,0.07006636973812908,-0.3078602620087336,-0.18558951965065507,-0.19590427801875418,-0.09817960869563486
estacionamento_irregular,Estacionamento Irregular,437,451,453,0.8004434589800443,0.8653421633554084,0.06489870437536405,0.8260869565217391,0.897025171624714,0.07093821510297482,0.8130630630630631,0.8808988764044943,0.06783581334143118,39,70,31,0.004059782526314916,McNemar qui-quadrado com correção de continuidade,0.004639751458645618,0.017670222653824515,0.10783004905895169,0.02517162471395884,0.11441647597254001,0.03318264394981372,0.09975332585160665
barulho_perturbacao,Barulho Perturbação,400,387,415,0.8010335917312662,0.8481927710843373,0.04715917935307112,0.775,0.88,0.10499999999999998,0.7878017789072428,0.8638036809815951,0.07600190207435231,32,74,42,6.825958578031935e-05,McNemar qui-quadrado com correção de continuidade,9.10127810404258e-05,0.0015057898997503018,0.09589619877948465,0.05499999999999994,0.15249999999999997,0.03934939575922272,0.11100053134655968
sinalizacao,Sinalização,227,244,240,0.7418032786885246,0.8458333333333333,0.10403005464480874,0.7973568281938326,0.8942731277533039,0.09691629955947134,0.7685774946921444,0.8693790149892934,0.10080152029714895,22,44,22,0.009740122405271884,McNemar qui-quadrado com correção de continuidade,0.009740122405271884,0.03401885966581656,0.16552386509514974,0.026431718061673992,0.16299559471365643,0.04514940727867603,0.15270587100666985
